Email,Nome Attività
info@studioarganese.it,Arganese Dr. Quirico - Studio Commercialisti
info@caafcgilpuglia.it,CAAF CGIL Puglia
studio@consulenzecavaliere.it,Studio Commercialista - Rag. Gerarda Cavaliere
amministrazione@studiociccarone.com,Studio Associato Tributario Ciccarone
studiodelillo63@gmail.com,Studio Commerciale Tributario Dr. Pasquale De Lillo
info@studioperagina.com,Studio Peragina
segreteria@maurociavarrella.it,Studio Commerciale Dott. Mauro Ciavarrella
info@giuseppedonvito.com,Dott. Giuseppe Donvito - Commercialista
info@castucci-cucci.it,Studio Associato Castucci & Cucci
contatto@esempio.it,STUDIO COMMERCIALE CALVANO DOMENICO & Partners
tommaso.lillo@studiolillo.it,Studio Lillo & Partners
info@tommasorenna.it,Tommaso Renna - Finanza & Impresa
domenicolestingi@gmail.com,Dott. Domenico Lestingi Commercialista
studioass.gallo@libero.it,Studio Associato Gallo
info@mltconsulting.it,Mlt Consulting Group Studio Associato
aldobindo@studioscac.it,Studio Commerciale Scac
segreteriamc@mazzilliconsulting.it,Mazzilli Consulting & Partners Srl
info@francescoleonecommercialista.it,Francesco Leone Commercialista
martinopentassuglia@virgilio.it,Dr. Pentassuglia Martino
filippo@myitalianaccountant.com,Italian accountant
arcangelalorusso@virgilio.it,L&C Accounting Srl
info@odcecbari.it,Gnan Roberto Dr.
segreteria@studiodonghia.com,Datt ssa Anna Maria DOnghia
studiovittogiovanni@gmail.com,Studio Vitto & Partners - Consulenza Fiscale e Tributaria
studio@verdegiglio.net,Verdegiglio Massimo
info@studioschena.com,Studio Schena
info@studiorecchia.info,Studio Dott. Giampiero Recchia
amministrazione@studiobirardi.it,Studio Birardi & Partners
studiocuscitostp@pec.it,Cuscito Rag. Angela Nunzia
info@uilpalodelcolle.it,CAF UIL Palo del Colle
mondellilorenzo@gmail.com,Studio Commercialista Dott.ssa Angela Masiello
info@caroppo.com,Studio Ass.To Dott.Ri Caroppo Claudio-Paiano Luigi
volpemarco@live.it,Studio Bonasora-Netti
grazia.bozza@studiobozza.eu,Studio Bozza - Commercialista e Revisore Legale
studio@studioricciescialpi.it,Studio Associato Ricci & Scialpi
info@studiocaramia.it,Studio Caramia - Dottori Commercialisti
info@commercialistavalentini.it,Valentini Lorenzo Emmanuele
domenico@commercialistasantoro.it,Santoro Dr. Domenico
info@studiorizzo.biz,Studio Rizzo
info@francescofalcone.com,Studio Commerciale Dott. Falcone | Commercialista in Taranto
info@onemancompany.net,La One-Man Company S.r.l
info@studiochiruzzi.it,Studio Chiruzzi Dott.ssa Micaela
pulitoadelaide@gmail.com,Studio dott.ssa Adelaide Pulito
alessandra.doria@libero.it,Studio D'Oria
info@studioalparone.it,Studio Alparone
studioassociatodambrosio@gmail.com,Studio Associato D'Ambrosio
studiosandrocavaliere@gmail.com,Dottore Commercialista - Marco Cavaliere
info@studiobottacci.it,STUDIO BOTTACCI
info@scdf.it,Studio Commerciale De Filippo
studiodambrosiob@gmail.com,D'Ambrosio Barbara
info@studiozingarello.it,Zingarello Pasanisi Dr. Francesco
dr.francesco.calo@gmail.com,Dott. Francesco Calò Studio Commercialista
studioblasiangelo@libero.it,Studio Commercialista Lecce - Dott. Angelo Blasi
info@studiotributariodiviggiano.com,Studio Tributarista Dott. Salvatore Mario DIVIGGIANO
studio@angelogiannelli.it,Angelo Giannelli - Dottore Commercialista
info@consulingro.it,Consulingro
studioquartarapana@legalmail.it,Studio Commerciale Dott.Fabrizio Quarta-Dott.Giovanni Rapana
studio@pagliarini.eu,Studio Pagliarini - Dottori Commercialisti
studio@rossanaroma.it,Roma Rossana
studioflaviocarlino@gmail.com,Studio Legale Tributario Avv. Flavio Carlino
info@studiochiriatti.com,Studio Chiriatti & Partners
info@studiomazzottaepartners.it,STUDIO MAZZOTTA & PARTNERS S.R.L.S. Dottori Commercialisti – Consulenti del Lavoro
info@studiodaurelio.it,Rosario D'Aurelio - Studio D'Aurelio Commercialisti
segreteria@studiofelline.net,STUDIO FELLINE - DOTTORI COMMERCIALISTI E REVISORI CONTABILI
giorgio.mantovano@libero.it,Mantovano Dr. Giorgio
info@studiomonticchio.it,Studio Monticchio e Partners Stp
info@studiocastrignano.com,Studio Castrignanò Srl
info@studiobongermino.it,Studio Bongermino Dr. Tommaso
info@studiobraydottoricommercialisti.com,Studio Antonio Bray Dottori Commercialisti
mail@studiogiorgino.it,Studio Giorgino
segnalailtuoproblema@aicon-aps.org,Caf Patronato - Associazione Aicon
studioantoniomariano@gmail.com,STUDIO MARIANO
postmaster@commercialistilongo.com,Studio Longo Commercialisti
valentinimichele@alice.it,Studio Valentini Michele
info@studiochirilli.it,Chirilli Antonio Alessandro
info@econsulenza.net,Studio Commerciale E-Consulenza Srl | Dr. Margarito Marco
osvaldomuscara@libero.it,Studio Muscara Osvaldo
info@studiopezzuto.com,Pezzuto Donato
studioanchora@gmail.com,Studio Commercialisti Anchora
info@50epiu.it,50&Più
fernando.stifani@gmaill.com,Studio Riccardo di Dott.ssa Maria Grazia Riccardo
consulenza@stefanodepascali.it,DE PASCALI Consulenza d’Impresa
segreteria@studiocolomba.com,Studio Colomba - Area Consulenza Sas
studiomajure@gmail.com,Studio Commerciale Dr. Luigi Majure & Partners
info@studiocirchetta.com,Studio Circhetta Piero
postmaster@studiocarlucciocirchetta.it,Studio Associato Carluccio Circhetta
info@studiopetracca.net,"Studio Petracca - Dottori Commercialisti - Consulenza Fiscale, Societaria e del Lavoro"
info@felicionieassociati.it,Studio Felicioni - Commercialista e revisore dei conti
info@farinastudiocommerciale.it,Studio Commerciale Dott. Giovanni Farina
info@studiotributariocoscia.it,Dott. Antonio Coscia - Accounting & Consulting
dottmucciarone@gmail.com,Studio Mucciarone
drmicheledimodugno@hotmail.it,DR MICHELE DIMODUGNO - COMMERCIALISTA
info@studiofavino.it,Studio Favino | Consulenza Aziendale e Tributaria
info@alfredosartini.com,Dott. Alfredo Sartini - Dottore Commercialista Revisore Contabile
info@lorenzofrattarolo.it,Studio Commerciale Frattarolo
digivin@libero.it,Studio Di Girolamo Rag. Vincenzo - Commercialista ed economista d'impresa
direzione@studiotavaglione.com,Studio Tavaglione
info@pappalardosystem.it,Studio Pappalardo
studio@studiogalli.net,Galli Marco prof. avv.
studiopeloso@ilcommercialista.online,Studio Commerciale Dott. Peloso
studiomagnolo2015@gmail.com,Studio Magnolo Stefano
eu0832.408564info@netxteu.itwww.nexteu.it,Marco Sponziello
legale@studiorizzini.it,Studio Rizzini - Avvocato
info@studioruberto.com,Studio commerciale e tributario dott. Fabio Ruberto
hello@mycompany.com,D'ANDRIA & Partner
studio@suriano.info,Studio Suriano Commercialista Andria
info@studiocivita.com,Flavio Civita & Partners - Commercialista
info@studiopistillo.com,Studio Pistillo
studio@studiogriner.it,Studio Griner
info@nicolapugliese.it,Dott. Nicola Pugliese
info@studiospinamastrogiacomo.it,Studio Commerciale Spina Mastrogiacomo
studio@salvatoremontenegro.it,Studio Commercialista Dott. Salvatore Montenegro | Revisore dei conti - Barletta
studiosimoneg.segr@libero.it,Studio Simone Gaetano
agevolazioni@studiotiani.it,Studio Commerciale Tiani Commercialista
info@cpaccountmanagement.it,Studio Commerciale - C&P Account Management
fpedone@incomm.it,Pedone Dr. Francesco
info@studiolacidogna.com,Dott. Paolo Lacidogna
info@studioscricco.it,"Studio Scricco, Torre & Associati"
info@studiomilanese.net,Studio Milanese - Legale-Commerciale-Tributario
info@studiorosato.org,Studio Rosato - Professionisti Associati
info@studiomontanaro.com,Studio Montanaro
info@commercialistiassociati.org,Commercialisti Associati - dr. Pietro Lusito & dr.ssa Emma Lauciello
studiotributariotrani@gmail.com,"Dott. Nicola Sabba - Dottore Commercialista - Studio di consulenza fiscale, societaria e tributaria"
info@studiodituri.com,Studio Di Turi
abc@xyz.com,Studio Dott. ssa Maria Pia Iurlaro . Counseling&Coaching
damianorubini@libero.it,Dottore Commercialista Cosimo Damiano RUBINI
studiofaienza@gmail.com,Studio Faienza San Severo
dottvalentinol@libero.it,Dott. Valentino Lorenzo - Studio Commerciale di Consulenza Fiscale e Tributaria
info@studioprattichizzo.it,"Prattichizzo Antonio, Studio Dottore Commercialista"
studiopassarelli@hotmail.it,Passarelli Pasquale
info@studiobello.it,Studio Bello - Commercialista e Consulente del lavoro
crescenzoiatarola@studioiatarola.it,Studio Iatarola di Iatarola del Dott. Crescenzo Commercialista Revisore Contabile
info@studiocramarossa.it,STUDIO CRAMAROSSA - Dottori Commercialisti e Revisori Contabili
decarlostudio@gmail.com,Dottore Commercialista Giovanni De Carlo
studio@studiopopolizio.it,Popolizio Dott. Sante - Studio Commerciale Tributario Lavoro
giuseppearrivo@studioarrivo.com,Studio Associato Arrivo & Arrivo
carlo.troccoli965@pec.commercialisti.it,Carlo Troccoli Dottore Commercialista
info@studiosviluppo.it,Studio & Sviluppo
dott.vaccagiuseppe@pec.it,Dott. Giuseppe Vacca
info@studioaresta.com,Aresta Dr. Ernesto Commercialista - Revisore Legale
studiopartipilo@partipilo.it,Partipilo Dr. Comm. Michele
%e2%80%8binfo@pec.studiosaracino.it,VITO SARACINO DOTTORE COMMERCIALISTA
