Nome Attività,Sito Web,NSLOOKUP,PROVIDER
Agenzia dei Servizi CAF Trepuzzi,,N/A,N/A
Oliva Ermenegildo,,N/A,N/A
Sisinni Dr. Salvatore,,N/A,N/A
Palumbo Bruno,,N/A,N/A
Servizi Tributari Trasmissioni ed Elaborazioni sas,,N/A,N/A
Studio Commerciale Dr. Esposito Marco Vinicio,,N/A,N/A
Studio Tributario Associato Dott. Fiore E Dott. Blasi,,N/A,N/A
Studio Toma Dott.ssa Claudia,,N/A,N/A
"Studio Stefàno, Commercialista e Revisore Contabile",,N/A,N/A
Studio Commerciale TMA | Dr. Margarito Marco - Dr. Trani Paolo,,N/A,N/A
Dott. Fedele Coluccia,,N/A,N/A
STUDIO DOTT.SSA ANNA CARETTO,,N/A,N/A
Ferilli Antonio Salvatore,,N/A,N/A
Studio Commerciale Dott. Marco Casarano,,N/A,N/A
Dott. Cosimo C. Tiziano Cataldi,http://dottorecataldi.com/,N/A,Errore
Dr. Alberto Casarano,http://www.studiocasarano.com/,N/A,Errore
D'Oria Dr. Francesco Commercialista,,N/A,N/A
Valzano Dr. Francesco,,N/A,N/A
Studio Consulenza Casto Palmina,,N/A,N/A
CAAF CGIL Puglia,https://www.caafcgilpuglia.it/,N/A,Errore
Studio Commerciale Vetrugno - Patronato EPAS - CAF Italia Veglie,,N/A,N/A
Studio Associato Ricciato - Rizzo (Dottori Commercialisti),,N/A,N/A
Rag. Mariano Pendinelli,,N/A,N/A
STUDIO LEGALE DI CANDIA,,N/A,N/A
Studio Legale Musco,,N/A,N/A
Studio Manca Martella & Partners Dott.Commercialisti E Revisori Cont.,,N/A,N/A
Commercialista Dott.re Andrea Ruggio,,N/A,N/A
Lezzi Dr. Andrea,,N/A,N/A
Maci Francesco,,N/A,N/A
Centonze Carlo - Dottore Commercialista,,N/A,N/A
Studio Consulenza Tributaria CINO,,N/A,N/A
Quarta Maurizio,,N/A,N/A
Manzone Rag. Giorgio,,N/A,N/A
Conte Dr. Francesco,,N/A,N/A
Frisenda Salvatore Studio Commerciale E Del Lavoro,,N/A,N/A
Geometra Vito Antonio Iacovelli - Studio Tecnico a Monteroni di Lecce,,N/A,N/A
Studio Tecnico De Bartolomeo,http://www.studiotecnicodebartolomeo.it/,N/A,Errore
Latino Anna Emanuela Dottore Commercialista e Revisore Legale,,N/A,N/A
CAF CENTRO ASSISTENZA FISCALE MONTERONI DI LECCE,,N/A,N/A
CAF SINDACATO PATRONATO,,N/A,N/A
Nico Gianluca,,N/A,N/A
Studio di Consulenza Nutrizione e Alimentazione,http://www.nutrizecca.it/,N/A,Errore
Studio Legale Coluccia,http://studiolegalecoluccia.net/,N/A,Errore
Nocco Marino,,N/A,N/A
Rag. Pisanelli Tommaso,,N/A,N/A
Studio Terragno,,N/A,N/A
caf,,N/A,N/A
Studio RizzoTax&Law,,N/A,N/A
Caf e Patronato Encal Cisal,,N/A,N/A
Petracca Dr. Antonio,,N/A,N/A
Studio Scrascia,http://www.studioscrascia.it/,N/A,Errore
Venneri Dr. Giuseppe,,N/A,N/A
Studio Legale Avv Matteo Sportelli,,N/A,N/A
G & D Progetto Impresa E Servizi Aziendali Societa' Cooperativa,,N/A,N/A
Piro Nicola - Dottore Commercialista,,N/A,N/A
Studio dr. Salvatore Rahino',,N/A,N/A
De Matteis Dr. Giovanni,,N/A,N/A
Maggio Dr. Cosimo,,N/A,N/A
Dr. Negro Antonio,,N/A,N/A
Casto Fabiola,,N/A,N/A
Studio Tributario E Del Lavoro Nicola Selleri,,N/A,N/A
"Consulente del Lavoro, Caf e Consulente Tributario CAIFFA GIANLUCA",,N/A,N/A
Studio Medico Negro,https://www.liberauniversitaolistica.com/,N/A,Errore
Pagliarini M. & Partners Studio Associato Consulenti Del Lavoro,,N/A,N/A
Studio Tributario Casilli,https://www.studiocasilli.it/,N/A,Errore
Dott. Luciano Pino,https://www.lucianopino.it/,N/A,Errore
Studio Milanese - Legale-Commerciale-Tributario,http://www.studiomilanese.net/,N/A,Errore
CARRA Prof. Dott. ANTONIO,,N/A,N/A
Studio Ripa - Studio Carluccio,,N/A,N/A
Sportello del Cittadino,,N/A,N/A
"Studio Guerra, Dott. Rag. Venanzio Guerra",http://www.studioguerra.org/,N/A,Errore
Studio Dott.ssa Solidoro Ivana,http://www.studiosolidorocommercialista.it/,N/A,Errore
Studio Muscara Osvaldo,http://www.studiomuscara.it/,N/A,Errore
Studio Caputo S.R.L.,http://www.studiocaputo.com/,N/A,Errore
Studio Commercialista Lecce - Dott. Angelo Blasi,https://www.studioblasi.it/,N/A,Errore
Studio Legale Demitri,,N/A,N/A
Dr. Lovagnini Alfonso,,N/A,N/A
Studio Tamborrino - Professionisti Associati - Antonio Tamborrino e Giuseppe Tamborrino,,N/A,N/A
Studio Monticchio e Partners Stp,https://studiomonticchio.it/,N/A,Errore
Cmc Partners Studio Associato Dott. Commercialisti Creti Diego Muci Maria Rosaria Cannoletta Daniel,,N/A,N/A
50&Più,http://www.50epiu.it/,N/A,Errore
DIR. NICOLA MEGHA CHARTERED ACCOUNTANT,,N/A,N/A
Studio De Bartolomeis Dr. Alessandro,,N/A,N/A
Studio Tributario Calabrese Dr. Pier Paolo,http://studiocalabrese.net/,N/A,Errore
Studio Greco & Associati S.A.S.,,N/A,N/A
Studio Antonio Bray Dottori Commercialisti,http://www.studiobraydottoricommercialisti.com/,N/A,Errore
Perrone Maria Concetta,,N/A,N/A
Commercialista Dr. Lanzilotti Angelo,,N/A,N/A
Di Cesare Gianna,,N/A,N/A
Studio Commerciale Dott.Fabrizio Quarta-Dott.Giovanni Rapana,https://www.quartarapana.it/,N/A,Errore
S&P Consulting stp - Studio di Consulenza Aziendale,,N/A,N/A
Commercialista Alessio D. & Partners,https://www.studioalessio.eu/,N/A,Errore
Studio Dott.ssa Ilaria Leuzzi - Commercialista e Revisore Legale,,N/A,N/A
Dr.ssa commercialista Rizzo Francesca,,N/A,N/A
Piccolo Dott.ssa Lucia COMMERCIALISTA REVISORE CONTABILE,,N/A,N/A
Studio Associato Bonazzi,,N/A,N/A
Studio Associato Dr. Licci & De Filippi,,N/A,N/A
Studio Cairo,http://www.studiocairo.it/,N/A,Errore
Massaro Dr. Antonio,,N/A,N/A
Carpentieri Dr. Ivano,,N/A,N/A
Studio Di Consulenza Aziendale Del Dr. Salvatore Paolo Guglielmo Dr.,,N/A,N/A
Marra&Partners,http://www.studiomarraandpartners.it/,N/A,Errore
Studio Commercialista Francesco Viva,https://www.studiocommercialeviva.it/,N/A,Errore
STUDIO MARIANO,http://mariano.studio/,N/A,Errore
Presicce Dr. Vincenzo,,N/A,N/A
Studio Commercialista e Amministrazione Immobiliare Dr. Simone Patrizio Giuseppe,http://gruppobebsalento.it/commercialista-patrizio-simone.html,N/A,Errore
Papagno Dr Antonio,,N/A,N/A
Studio dott. Gianfreda Aldo Commercialista,,N/A,N/A
Numisma Commercialisti Associati,,N/A,N/A
Studio Associato Romano,,N/A,N/A
MARCO SPONZIELLO,http://www.studiosponziello.it/,N/A,Errore
Stefanizzi Rag. Stefano,,N/A,N/A
Montagna Carlo,,N/A,N/A
Studio Rollo E Petrachi Commercialisti Associati,,N/A,N/A
Colazzo & Partners Studio Associato,,N/A,N/A
Solombrino Antonio,,N/A,N/A
Studio Ass.To Dott.Ri Caroppo Claudio-Paiano Luigi,http://www.caroppo.com/,N/A,Errore
Dott. Andrea Selmi,,N/A,N/A
Studio Cerchi Giampiero,,N/A,N/A
De Giuseppe Dr. Fausto,,N/A,N/A
Studio Commercialista Refolo,,N/A,N/A
CED STUDIO MUSARO' - Dott.ssa Maria Concetta Musarò,,N/A,N/A
Studio Associato Notaro-Pelillo,https://www.studioassociatonotaropelillo.it/,N/A,Errore
Studio SODERO Commercialista - Dott.ssa Francesca Sodero,,N/A,N/A
Studio Dottore Commercialista Agostino De Giorgi,,N/A,N/A
Studio Riccardo di Dott.ssa Maria Grazia Riccardo,http://www.studioriccardo.it/,N/A,Errore
Benegiamo&Associati Dottori Commercialisti,http://www.benegiamoassociati.it/,N/A,Errore
Studio Commercialista Dott. Massimo Zottola,,N/A,N/A
Rosario D'Aurelio - Studio D'Aurelio Commercialisti,https://www.studiodaurelio.it/,N/A,Errore
Aprile Studio Tributario,,N/A,N/A
Studio Dott. Renato Erminio,,N/A,N/A
Schimera Claudio,,N/A,N/A
Studio Dott. Cesare Cazzato,,N/A,N/A
Grifo Servizi,,N/A,N/A
Studio Calignano,,N/A,N/A
Turco Antonio,,N/A,N/A
Superstudio di Emanuele Ferramosca - Tricase,,N/A,N/A
Ruberto Fabio,,N/A,N/A
Dr. Grimaldi Giovanni,,N/A,N/A
Bramato Antonio Dott. Commercialista,,N/A,N/A
Caputo Davide Rino,,N/A,N/A
Studio Gatto,,N/A,N/A
Durante Dr. Giuseppe Studio Commercialista,,N/A,N/A
Studio Pellegrino Commercialisti - Revisori dei Conti,,N/A,N/A
Sanasi Alessandro Andrea,,N/A,N/A
Studio Dott.ssa Federica Barone,,N/A,N/A
Lupo Gianpiero,,N/A,N/A
Russo Salvatore Angelo,,N/A,N/A
Studio Musca S.R.L.,,N/A,N/A
Fanciano Dr. Vincenzo Dottore Commercialista Consulente Del Lavoro,,N/A,N/A
Tarantino Giuseppe,,N/A,N/A
Ferrara Gennaro,,N/A,N/A
Studio Commerciale Associato Cacciapaglia A. & Liguori I.,,N/A,N/A
Bonsegna Dr Gregorio,,N/A,N/A
Passiatore Luigi & Associati,,N/A,N/A
"Studio caaf ,multi servizi",,N/A,N/A
Studio Barlettano,,N/A,N/A
Studio Commerciale Pancosta,,N/A,N/A
Mele Dott. Giuseppe Salvatore Commercialista,,N/A,N/A
E.D.A. Elaborazione Dati Aziendali s.a.s. - Dott. Sandri Sandro,,N/A,N/A
Scrascia Franca,,N/A,N/A
Marchetti Studio Associato,,N/A,N/A
Nestola Mauro,,N/A,N/A
STUDIO CAMISA SERVICE - Servizi di Patronato & Caf,,N/A,N/A
Studio CI.DA.S. sas di Danilo Cipressa & C.,,N/A,N/A
Primativo Marco Dottore Commercialista,,N/A,N/A
Studio Prete S.A.S. Di Giancarlo Prete & C.,,N/A,N/A
"CED di Dell'Atti Liberato & Partners - consulenza lavoro, cedolini, assistenza previdenziale",http://www.dellatti.com/,N/A,Errore
C D D Studio Associato,,N/A,N/A
Lupo Giampiero,,N/A,N/A
Studio Cordella Carlo,,N/A,N/A
Studio Bongermino Dr. Tommaso,http://www.studiobongermino.it/,N/A,Errore
Olla Atzeni Giosue',,N/A,N/A
Ernesto Toma & Partners,http://www.studiotomaernesto.it/,N/A,Errore
Studio Colomba - Area Consulenza Sas,https://www.studiocolomba.com/,N/A,Errore
Cazzella Dr. Fernando Salvatore,,N/A,N/A
D'Andrea Giuseppa,,N/A,N/A
Damanzo Vittorio Suppressa Annarita Studio Associato Commercialisti,,N/A,N/A
Calasso Francesco,,N/A,N/A
Cazzolla Fernando Antonio,,N/A,N/A
Sambati Studio Commerciale,,N/A,N/A
Antonica Studio Commerciale Tributario Associato,,N/A,N/A
Studio Commerciale dott. Cascione Pietro Marco,,N/A,N/A
Studio Calabrese Associati,,N/A,N/A
Studio De Riccardis e Partners Commercialisti Associati,,N/A,N/A
Studio Legale Associato Camisa - Inguscio - Greco,,N/A,N/A
Fiore Salvatore,,N/A,N/A
"Studio Legale Avv.ti Claudio Rizzelli, Rita Rizzelli e Fernando Barbara",https://studiorizzelli.bdf.land/,N/A,Errore
Zizzari Studio Commerciale,,N/A,N/A
Masciullo Dott. Antonio,,N/A,N/A
Studio Commercialista Dott. Roberto My,http://www.myroberto.com/,N/A,Errore
Studio Raganato,,N/A,N/A
Studio Copertino - Agenzia Immobiliare,http://www.studiocopertino.it/,N/A,Errore
De Giorgi Antonio,,N/A,N/A
Patera Dott. Sergio Antonio,,N/A,N/A
CAF PATRONATO SINDACATO SINALP - SURBO,https://www.cafpatronatolecce.com/,N/A,Errore
Valente Raimondo,,N/A,N/A
Galignano Dr. Marco,,N/A,N/A
"Studio Michele Orlando - Consulenza finanziaria, contabile, lavoro e tributaria",,N/A,N/A
Studio Associato Solidoro Rizzo,,N/A,N/A
De Donno Dr. Carola,,N/A,N/A
STUDIO TARANTINO,,N/A,N/A
Studio Ingrosso,,N/A,N/A
Studio Perrone,,N/A,N/A
Studio Loris Zanella,,N/A,N/A
Amodio Dr. Emilio,,N/A,N/A
Commercialialista e Consulente del Lavoro Roberta Greco,,N/A,N/A
Caf Movimento Cristiano Lavoratori,,N/A,N/A
Mercurio Salvatore,,N/A,N/A
Lucio Tramacere - Dottore Commercialista - Revisore Legale,,N/A,N/A
Baldan Nerio Studio Commercialista,,N/A,N/A
Studio Associato Zanella E Ficotto Rag. Comm.Listi,,N/A,N/A
De Pascali Giovanni,,N/A,N/A
Studio dottore commercialista Tricarico Marco,,N/A,N/A
Salsetti Antonio,,N/A,N/A
Manzo Dr. Fabrizio,,N/A,N/A
Previtero D.Ssa Anna Maria,,N/A,N/A
D'Amilo Dr. Sergio,,N/A,N/A
Siciliano Vincenzo,,N/A,N/A
Tanisi Giuseppe,,N/A,N/A
Studio Contabile Gieffe S.R.L.,,N/A,N/A
GESPER SRL,,N/A,N/A
D'Ambrosio Studio Medico,,N/A,N/A
Ria Giuseppe,,N/A,N/A
Gym Studio,,N/A,N/A
D'Ambrosio Dr. Paola,,N/A,N/A
Plurima S.a.s. Di Fabio Dargento E C.,,N/A,N/A
Studio di consulenza del lavoro | SalentoPaghe,https://www.salentopaghe.it/,N/A,Errore
Studio Basile Dr. Luigi - consulenza fiscale e del lavoro,,N/A,N/A
Studio Commercialisti Anchora,http://www.studio-anchora.com/,N/A,Errore
De Benedittis Dr. Comm. Stefano,,N/A,N/A
Studio Contabile Minenna & Associati,,N/A,N/A
Marino Massimiliano,,N/A,N/A
De Pascali Nunzio,,N/A,N/A
Preite Davide Vincenzo,,N/A,N/A
Melileo Dr. Stefano,,N/A,N/A
Stasi Saverio,,N/A,N/A
STUDIO TRIBUTARIO - Dott. Laura Ratano - DOTTORE COMMERCIALISTA e REVISORE LEGALE,,N/A,N/A
Orlando Adriano Rocco,,N/A,N/A
Cucci Dr. Giuliano,,N/A,N/A
Carangelo Dr. Sergio,,N/A,N/A
STUDIO MAZZOTTA & PARTNERS S.R.L.S. Dottori Commercialisti – Consulenti del Lavoro,https://www.studiomazzottaepartners.it/,N/A,Errore
Aprile Nadia Dr.,,N/A,N/A
CAAF Confagricoltura Patronato ENAPA Taurisano,,N/A,N/A
Francesco Damiano,,N/A,N/A
Studio Legale Scorrano Pasquale,,N/A,N/A
Liuzzi Giovanni,http://www.tuttotaurisano.it/,N/A,Errore
Lisi Giulio Fernando,,N/A,N/A
Studio Associato De Matteis E Inguscio,,N/A,N/A
Studio Toma del Dr. Giorgio Salvatore Toma,,N/A,N/A
Studio Commercialista Barone Roberto,,N/A,N/A
Caputo Dr. Giorgio,,N/A,N/A
Studio di Finanza Agevolata Dott.ssa Anna Rita Barone,,N/A,N/A
Di Sciorio Nicola,https://www.studiodisciorio.com/,N/A,Errore
STUDIO APOLLONIO,http://studioapollonio.it/,N/A,Errore
Con.Fin. Sud Sas Di Benito Giannone & C.,,N/A,N/A
Marsano Dr.ssa Maria Carmela,,N/A,N/A
MAXIFOTOVIDEO studio Taurisano,http://www.maxifotovideo.it/,N/A,Errore
Studio Legale avvocato Salvatore Ponzo,http://www.studiolegaleponzo.it/,N/A,Errore
"Commercialista,Revisore dei Conti Dott. Trianni Giovanni",,N/A,N/A
Dott. Serra Salvatore,,N/A,N/A
Dott. Sandro Basurto,,N/A,N/A
Studio Dottore Commercialista Ezio Vincenzo Palma,,N/A,N/A
Studio Francioso,,N/A,N/A
STUDIO COMMERCIALISTA PISANELLO DR. ERRICO,,N/A,N/A
Studio Associato De Matteis Donno,,N/A,N/A
Della Fonte Dr. Walter Gualtiero,,N/A,N/A
Studio COI,,N/A,N/A
Studio Mercutello Schirinzi,,N/A,N/A
Dott. FOSSALTO Mauro,,N/A,N/A
Studio Dottor Costa & Associati Srl,http://www.studiocostaeassociati.it/,N/A,Errore
Conseil Srl STP,http://www.conseilsrl.it/,N/A,Errore
Studio Magnolo Cosimo,http://www.studiomagnolo.com/%20%20-%20%20www.csfr.biz,N/A,Errore
Santantonio Studio Associato Dei Ragg.Robertino E Fabio S.,,N/A,N/A
Studio Legale Civile Tributario Manni & Stefanelli,,N/A,N/A
Dott Napoli Luigi,,N/A,N/A
Belloni Guerino Massimiliano,,N/A,N/A
Studio amministrazione condominiale Schiavone Antonio,,N/A,N/A
Taurino dott. Pietro commercialista e revisore contabile,,N/A,N/A
STUDIO FERSINI - CONSULENZA AZIENDALE,http://www.studiofersini.it/,N/A,Errore
Inguscio Dr. Vittorio,,N/A,N/A
Caf Tutela Fiscale del Contribuente,,N/A,N/A
Studio Anna Barbara Poso Commercialista,,N/A,N/A
Liaci Giuseppe,,N/A,N/A
Serio Roberto,,N/A,N/A
Studio Rizzato,,N/A,N/A
Monaco Enrico Dottore Commercialista,https://www.studiocommercialistamonaco.it/,N/A,Errore
Conversano Dr. Valerio,,N/A,N/A
Studio Giaracuni Sas Di Matino Maria Rosaria & C.,,N/A,N/A
RBC - Rosato Belcastro Commercialisti,,N/A,N/A
Studio Legale Avv. Giulio Insalata,,N/A,N/A
Papa Pagliardini Dr. Gabriele,,N/A,N/A
STUDIO DE BLASI Rag. Cesario De Blasi,,N/A,N/A
Studio Avvocato Sforza,http://www.studioavvocatosforza.it/,N/A,Errore
Gravili Dott. Rag. Luigi,,N/A,N/A
Studio Legale Tributario Avv. Flavio Carlino,http://www.studiocarlino.it/,N/A,Errore
Gaudio Dr. Francesco Antonio,,N/A,N/A
Zacheo Piero,,N/A,N/A
Bonifacio Dr. Sandro,http://www.studiobonifacio.com/,N/A,Errore
Studio Radiologico Dr. Alberto Greco S.R.L.,http://www.radiologiagreco.it/,N/A,Errore
Studio Associato Dima Petrachi Saracino.,,N/A,N/A
D'Aprile Pietro Paolo,,N/A,N/A
Studio MEDICI ASSOCIATI,,N/A,N/A
Bove Dr. Porfirio,,N/A,N/A
Nichil Maria Rosaria,,N/A,N/A
Gruppo Fiorito & Partners Srl,,N/A,N/A
Viva Martino,,N/A,N/A
De Vitis Dr. Antonio,,N/A,N/A
Bisanti Rossella,,N/A,N/A
STUDIO FELLINE - DOTTORI COMMERCIALISTI E REVISORI CONTABILI,https://studiofelline.net/,N/A,Errore
Studio Tecnico Vergaro Di Antonio Vergaro,,N/A,N/A
Giancane Dr. Roberto,,N/A,N/A
Corciulo Dott. Antonio,https://www.antoniocorciulo.com/,N/A,Errore
Tremolizzo Dr. Antonella,,N/A,N/A
Studio Commerciale Scrascia Dott. Salvatore,,N/A,N/A
Studio Chiriatti & Partners,https://www.studiochiriatti.com/,N/A,Errore
Candido Paolo Antonio,,N/A,N/A
Giaracuni Dr. Salvatore,,N/A,N/A
Congedo Salvatore Commercialista,,N/A,N/A
Guido Fernando,,N/A,N/A
Chezzi Silvano Commercialista,,N/A,N/A
Grassi Ugo,,N/A,N/A
Studio Commerciale Dott. Giuri Amedeo,,N/A,N/A
Carcagni Daniela,,N/A,N/A
Chiriatti Pasquale,,N/A,N/A
Caggia Salvatore,,N/A,N/A
Greco Anna Lucia,,N/A,N/A
Studio De Vitis,http://www.studiodevitis.it/,N/A,Errore
Dott.ssa Barbara Nassisi,,N/A,N/A
Melissano Stefano Tommaso,,N/A,N/A
Dott. Lucio Vergine,,N/A,N/A
Melissano Dr. Gianfranco,,N/A,N/A
Blanco Massimiliano,,N/A,N/A
Botrugno Dott. Stefano,,N/A,N/A
Dell'Anna Giovanni Luigi,,N/A,N/A
Schiavone Roberto,,N/A,N/A
Studio Dott. Palasciano,https://www.mobooker.co/booking-new/#/salon/180869?lang=it,N/A,Errore
Savarini Alessandra Alessandra,,N/A,N/A
Giancane Annamaria,,N/A,N/A
"Studio Nicoletti, Fai, Cacciapaglia - Commerciale Legale Tributario",,N/A,N/A
Arcuti Walter,,N/A,N/A
Bianco Lorenzo,,N/A,N/A
Studio Valentini Michele,https://studiovalentinimichele.com/contatti/,N/A,Errore
Studio Commerciale E-Consulenza Srl | Dr. Margarito Marco,http://www.econsulenza.net/,N/A,Errore
Medicina Insieme,http://www.medicinainsieme.it/,N/A,Errore
Studio Medico di Dietoterapia,,N/A,N/A
Studio Legale Avvocato Alessandra Blanco Cutrofiano,,N/A,N/A
Leopizzi Dr. Antonio,,N/A,N/A
Giannelli Rag. Sebastiano,,N/A,N/A
Studio Dott. Giovanni Fracasso Dottore Commercialista,http://www.studiofracasso.it/,N/A,Errore
CARETTO-TACCAGNI Studio Associato,,N/A,N/A
Leuzzi Giovanni,,N/A,N/A
PIZZOLANTE Dr. Ennio,,N/A,N/A
Scrimieri Davide,,N/A,N/A
STUDIO COMMERCIALISTA E REVISORE Dr. VERGORI NICOLA,,N/A,N/A
Tondo Dr. Raffaele,,N/A,N/A
Studio Commerciale Dr. Luigi Majure & Partners,http://www.studiomajure.com/,N/A,Errore
Studio Cen.Ter. - Centro Studi e Documentazione per il Territorio.,,N/A,N/A
Studio Commercialista Massimo Lotti,http://studiomassimolotti.it/,N/A,Errore
Studio Giaffreda,,N/A,N/A
Studio Tecnico Arnesano,,N/A,N/A
Studio Legale Fina Avv. Alberta,,N/A,N/A
D'Alfonso Giuseppe,,N/A,N/A
Studio Professionale Dr. Cosimo Leccese Commercialista _ Revisore Legale,,N/A,N/A
Scardino Rag. Vito Rocco,,N/A,N/A
Gigante Giancarlo,,N/A,N/A
Studio Margiotta Di De Pascalis Marcella,,N/A,N/A
Foggetti Dr. Vito,,N/A,N/A
Manieri Maurizio Michele,,N/A,N/A
FEDERAZIENDE - Ufficio Urbano,,N/A,N/A
Laterza Salvatore Tiziano,,N/A,N/A
Patronato SIAS - CAF MCL,https://www.patronatosias.it/,N/A,Errore
SPAZIO LEGALE,http://spaziolegale.com/,N/A,Errore
Giannotta Dr. Salvatore,,N/A,N/A
Studio di immagine -estetica e parrucchieri,,N/A,N/A
De Tommasi Ignazio Paolo Dottore Commercialista,,N/A,N/A
Centonze Marco,,N/A,N/A
Studio Bonacchi Iacopo,,N/A,N/A
Laboratorio Studio Ortokinesis Srl,"https://www.ortokinesis.it/news/il-laboratorio-di-analisi-studio-ortokinesis,-%C3%A8-un-laboratorio-di-analisi-con-sede-a-trepuzzi.html",N/A,Errore
Studio Legale Avv Massimo Stano,,N/A,N/A
Studio Simona Gabellone Consulenza Fiscale E Tributaria,https://www.studiosimonagabellone.it/,N/A,Errore
GRAVILI SERVIZI AUTOMOBILISTICI SRLS,,N/A,N/A
De Matteis Dr. Antonio,,N/A,N/A
Leo Dr. Francesco,,N/A,N/A
Nutriplan4U - Studio Biologa Nutrizionista dott.ssa Marta Marzo,http://www.nutriplan4u.it/,N/A,Errore
Corvino Raffaele,,N/A,N/A
Bellisario Fernando,,N/A,N/A
Marino Marco,,N/A,N/A
CC Consulenze,,N/A,N/A
Congedi Alessandra,,N/A,N/A
Rimo Dr. Fernando Angelo,,N/A,N/A
Caterina Lorusso Studio Tecnico,,N/A,N/A
Legittimo Massimo,,N/A,N/A
Studio Contaldi Ing. Luigi Antonio,,N/A,N/A
Studio Associato Scarcia commercialisti,,N/A,N/A
Studio Dr. Dimitri Ottavio,,N/A,N/A
Studio di Consulenza Psicopedagogica e Counseling Professionale,http://www.counselingpositivo.it/,N/A,Errore
Studio Di Architettura Vergallo Antonio,,N/A,N/A
Dott . Cicala Corrado,,N/A,N/A
Valzano Dott. Giovanni,http://www.studiovalzano.it/,N/A,Errore
Studio Legale Gabrieli Di Gabrieli Tommasi Avv. Massimo,,N/A,N/A
Studio Martini Andrea Commercialista,https://www.studio-martini.it/,N/A,Errore
Studio Viviani Commercialisti Associati,,N/A,N/A
Studio Legale Marasco,,N/A,N/A
Piccinni Giuseppe Dottore Commercialista,,N/A,N/A
Stendardo Dr. Osvaldo,,N/A,N/A
Cazzato Maria,,N/A,N/A
studioraffaelegiordano,,N/A,N/A
Morciano Vittorino,,N/A,N/A
Roma Rossana,http://www.rossanaroma.it/,N/A,Errore
Dottore Commercialista Andrea Toni,,N/A,N/A
Studio URSO,,N/A,N/A
Vinci Dr. Giulio,,N/A,N/A
Marino Monica - Consulente del Lavoro,,N/A,N/A
Sportello del Cittadino Melissano,,N/A,N/A
STUDIO COPPOLA,,N/A,N/A
Cardellicchio Fernando,,N/A,N/A
Studio Ingegnere Basile Cataldo,,N/A,N/A
Studio Tecnico Geometra Rizzello,,N/A,N/A
Studio Tecnico Albano,,N/A,N/A
Piscopello Raffaele,,N/A,N/A
Trentadue Studio Dentistico,,N/A,N/A
Servizi Agrari Gabrieli Tommasi S.r.l,https://www.getbio.it/,N/A,Errore
D'ANDRIA & Partner,http://www.studiodandria.com/,N/A,Errore
Saracino studio dentistico,,N/A,N/A
Peluso Rag. Marcello,,N/A,N/A
Merico Dr. Sergio,,N/A,N/A
Carluccio Silvano,,N/A,N/A
Rausa Donato Lucio,,N/A,N/A
dott.ssa Marinella Urso,,N/A,N/A
Cisl Unione Comunale Resp.: Nico Palma,http://www.caafcisl.it/,N/A,Errore
Rausa Giovanni,,N/A,N/A
Gaetani Alvaro Ceramiche,,N/A,N/A
Macelleria di Serio Quintino,,N/A,N/A
Ferramenta Colori Concimi Di Venneri Angelo,,N/A,N/A
Studio Polimeno Luigi,,N/A,N/A
Studio Associato Carluccio Circhetta,http://www.studiocarlucciocirchetta.com/,N/A,Errore
Galatina Co Srl,,N/A,N/A
Autoscuola Zeta - Elle,,N/A,N/A
Studio Circhetta Piero,http://www.studiocirchetta.com/,N/A,Errore
Studio Longo Commercialisti,http://www.commercialistilongo.com/,N/A,Errore
ELETTRAUTO GINO,http://www.amicacard.it/vetrina/71940/elettrauto-gino/,N/A,Errore
Mp Piscine Di Milena Caroli,,N/A,N/A
Manco Dr. Marco Maria,,N/A,N/A
Studio Commercialista Katia De Matteis,,N/A,N/A
Bramato Dr. Cosimo Marco,,N/A,N/A
Studio Corrente Dott. Barbara,,N/A,N/A
Studio Di Consulenza Dott. Marialucia Cazzar E Francesca Stefanizzi,,N/A,N/A
Consulingro,http://www.consulingro.it/,N/A,Errore
Commercialista Meleleo dott. Alessandro,http://www.meleleo-consulting.com/,N/A,Errore
Tempesta Prof. Fernando,,N/A,N/A
Studio Di Consulenza Dott. Giannachi Pier Luigi,http://www.studiogiannachi.it/index.html,N/A,Errore
Manni Petroli Srl,,N/A,N/A
Studio Baldassarre E De Benedetto,,N/A,N/A
Bello Lucio,,N/A,N/A
Studio Associato Di Paiano De Giuseppe Toma,,N/A,N/A
Studio Ecografico Borlizzi dr. Michele - Corigliano d'Otranto,http://www.borlizzi.it/,N/A,Errore
Centro Servizi Di Leo Mario Donato,,N/A,N/A
Punto Service S.R.L.,,N/A,N/A
Cariddi Ing. Pierpaolo & Cariddi Dr. Luciano,,N/A,N/A
Studio De Maglio & Partners,https://www.studiodemaglio.com/,N/A,Errore
Buttiglione Antonella,,N/A,N/A
Studio Flat Corigliano d'Otranto,,N/A,N/A
Petrachi Dott. Rag. Giorgio,,N/A,N/A
Studio Legale Perrone Anna Rita,,N/A,N/A
STUDIO CONSALES,,N/A,N/A
Studio Tecnico di Ingegneria,http://www.enterengineering.it/,N/A,Errore
Muscatello Dr. Vincenzo Giovanni,,N/A,N/A
Studio Palmisano Professionisti Associati,,N/A,N/A
Dr. Pagliara Luigi,,N/A,N/A
Vito Riso - Dottore Commercialista,,N/A,N/A
Longo Corrado,,N/A,N/A
Studio Villani,,N/A,N/A
Studio Dott.ssa Scialpi Alessandra,,N/A,N/A
Studio D'Ostuni E Associati,,N/A,N/A
Pirelli Francesco dottore in economia e commercio consulente del lavoro,,N/A,N/A
Michele GRECUCCIO - Commercialista -,,N/A,N/A
Dott. Russo Antonio Commercialista,,N/A,N/A
Studio Legale Avv. Maurizio Donnicola - Castrignano Del Capo,,N/A,N/A
Melcarne Gianfranco,,N/A,N/A
Studio Medico - Medicina di Base,,N/A,N/A
Studio Commerciale Mandorino Roberto,,N/A,N/A
DE PASCALI Consulenza d’Impresa,http://www.stefanodepascali.it/,N/A,Errore
Cuppone Giorgio,,N/A,N/A
Rag. Stefanelli Antonio Studio Consulenza Aziendale,,N/A,N/A
STUDIO TECNICO LICCI MASSIMO,,N/A,N/A
Ferraro Francesco,,N/A,N/A
Avv. Gaetano Rosafio,,N/A,N/A
"Commercialista,revisore dei conti Dott. Filippo Caló",,N/A,N/A
Bernardi Isidoro,,N/A,N/A
Ciardo Rag. Pasquale,,N/A,N/A
De Blasi Alessandra,,N/A,N/A
Confeuro Castrignano Caf Patronato Labor,http://www.confeurocastrignano.com/,N/A,Errore
Studio Salus Fisioterapia,http://www.salusfisioterapia.com/,N/A,Errore
Rocca Annunziata Fiorella Commercialista,,N/A,N/A
Stendhal49 Tattoo Piercing Gagliano del Capo,https://stendhal49.it/,N/A,Errore
Studio Ing. Vito Morciano,,N/A,N/A
Ram Associati,https://ramassociati.com/,N/A,Errore
Ck Studio | Photography & Videoproduction,https://www.ckstudio.it/?utm_source=google&utm_medium=wix_google_business_profile&utm_campaign=3128090102501473808,N/A,Errore
Menozzi Paolo,,N/A,N/A
Riv. Ne1 Arbace-Pelagalli Di Arbace De Francesco Donato,,N/A,N/A
CAF,,N/A,N/A
